outer_number,gene,coefficient
1,DOCK1,0.09073382525194566
1,MPO,-0.05427406521909668
1,SPINK2,0.022018883498651883
1,IRX1,-0.1909409092404662
1,SLC24A3,-0.019826932610858473
1,IL1R2,0.018708981191635842
1,SYTL4,0.04650383224249487
2,XIST,0.011614247009043017
2,DOCK1,0.23447787131784703
2,DEFA1B,0.01249566826467152
2,CXCL12,-0.07509108938566394
2,PCAT18,-0.16608917759166036
2,THSD7A,-0.14626756246970893
2,UGT3A2,-0.0031056000486133968
2,CPNE8,0.04763186870855262
2,AREG,0.1351194081015124
2,COL1A2,-0.007983734113209053
2,NDST3,-0.003136402917688564
2,IRX1,-0.15890245164507721
2,PTPRM,0.003055906485538887
2,TNNT1,0.12041958160818624
2,GPR12,-0.07837334923536338
3,DOCK1,0.18506930722463122
3,ZNF711,-0.00024369580426176509
3,AREG,0.02987581784019432
3,NDST3,-0.047403648199272876
3,LIN7A,-0.011780282740420693
3,IRX1,-0.18687003328368884
3,IGFBP5,-0.05787707637579116
4,TRH,-0.04126088868476442
4,DOCK1,0.17171633641498277
4,SPAG6,0.13534653998960436
4,CPNE8,0.04488596703574439
4,PAX8-AS1,0.060116169395704105
4,DLK1,-0.04383043040378821
4,PCAT18,-0.017412672632767905
4,AREG,0.04610496588707683
4,MYOF,0.04632811207766217
4,TDRD9,-0.049461466244180054
4,NDST3,-0.04446318886711245
4,IRX1,-0.10002533769385295
4,MPO,-0.11237050788870298
4,C20orf54,0.04321695436398937
4,FBN2,-0.030649474032206216
4,TMEM176B,-0.0744498476749405
4,SLC24A3,-0.040527419557085706
4,IL1R2,0.14931832913784565
5,DOCK1,0.0716157224666109
5,TRH,-0.0033256208888709365
5,AREG,0.12530834239887007
5,NDST3,-0.055105582515259946
5,IRX1,-0.10653835891582679
5,AHSP,-0.08535683710160079
5,SYTL4,0.05192442840964977
5,IL1R2,0.014062232051718224
5,MPO,-0.10303289400909282
6,TRH,-0.04978702905373069
6,DOCK1,0.17208335230472127
6,SPAG6,0.004365185554368541
6,DLK1,-0.07226841753020251
6,CPNE8,0.03015125483190926
6,UGT3A2,-0.019708417122503978
6,IRX1,-0.11141401229154671
6,AREG,0.13532876456277176
6,AHSP,-0.02856275021932575
6,TDRD9,-0.043509987449298605
6,IGFBP5,-0.0075862026743488695
6,CPA3,-0.07714769305138816
6,PACSIN1,0.05319574780423612
6,SYTL4,0.12733574935795083
7,DOCK1,0.10895254477722376
7,CPNE8,0.04336316127281615
7,DLK1,-0.017350342549462404
7,MPO,-0.011138763412070062
7,SPINK2,0.18206150745813704
7,IL1R2,0.0042316896376413254
7,C20orf54,0.003046434161451145
7,SLC28A3,-0.06109690891398133
7,SLC24A3,-0.00885386170277668
8,DOCK1,0.16633893636962893
8,CXCL12,-0.08553356807142629
8,HOXB3,-0.004986208118864682
8,SPAG6,0.11078949335062867
8,MSLN,-0.059573181671005115
8,EREG,-0.12015872006064629
8,AREG,0.13471843930305424
8,ELANE,-0.04037787689838775
8,CPA3,-0.010469556888298957
8,IRX1,-0.24729114494509058
8,CD109,0.0026312944276816225
8,SLC24A3,-0.0432420519550181
8,MYOF,0.003972645113333053
8,NDN,0.0041823615071610405
8,IGLL1,-0.12523993030085775
8,SYTL4,0.10438133358686028
8,LPHN3,0.06528674304034893
8,IGFBP5,-0.042227223397256125
8,FAM171A1,-0.10806835063793228
8,SHD,-0.02021717412285897
8,TNNT1,0.019027152622320246
8,IL1R2,0.120747975866017
8,NDST3,-0.026397862398234023
8,TMSB4Y,-0.05510057989334213
8,ELN,0.0892877817337497
8,RAMP1,0.019514816321209435
8,IRX5,-0.026553438411887408
8,PACSIN1,0.0973166908109255
9,TRH,-0.01977285246906385
9,DOCK1,0.11776200361461317
9,MPO,-0.023455337251528752
9,NDST3,-0.16084578426393814
9,AREG,0.014209875016098104
9,IRX1,-0.029034642761009265
9,IL1R2,0.056452458866340025
10,DNTT,-0.2052507347812781
10,COL4A5,-0.2426287259359267
10,PRKY,0.05628111118303088
10,CD34,0.29895667794493197
10,GTSF1,-0.02008044388273547
10,GSTM1,0.1922322566025685
10,TRH,-0.591509833027782
10,NKX2-3,-0.37693266554822713
10,DOCK1,0.8542559520691849
10,CES1,-0.14148353632852156
10,MEG3,-0.13959330472852735
10,DEFA1B,0.34254816412929584
10,APOC2,-0.0038243634544474258
10,HBG2,0.06557115117711712
10,NPR3,-0.5290171648400951
10,HOXA6,-0.14873987113432846
10,LAMB2,-0.05125359065580511
10,KCNE1L,-0.02543712966873811
10,HOXA3,-0.00793461597952681
10,HOXB9,0.4761807881405614
10,S100A9,0.42895985781994556
10,HTR1F,-0.22247342022299596
10,PAX8-AS1,0.03671319949126207
10,TMEM189-UBE2V1,-0.03746364615456075
10,HPGDS,0.056357105552693305
10,PLBD1,-0.015014400542399846
10,NPTX2,0.32993333973776634
10,UGT3A2,-0.0496719281953205
10,CD300E,-0.4587873242294439
10,MRC1,-0.1292186076942326
10,AREG,0.20133502214265794
10,RXFP1,-0.06381068231255385
10,POU4F1,0.04269437386650347
10,PCAT18,-0.16959918032578464
10,GPC6,-0.09310711748793388
10,VCAN,-0.010575661285853915
10,CYYR1,0.506595007873397
10,COL1A2,-0.05260172492613153
10,DPP10,0.09207968578197524
10,NDST3,-0.48339831013828927
10,SPINK2,0.008853141747464164
10,SH3BP4,0.02681678822165467
10,IGSF10,-0.29498374005038536
10,IRX1,-0.394813029097033
10,AZU1,-0.6888972725696031
10,PPP1R9A,0.076617200904894
10,CEACAM6,0.014726475511663615
10,LRP6,-0.05888464497883796
10,CPA3,-0.22950201006120835
10,LGALS2,0.21193174778337537
10,LPHN3,0.45676155191578977
10,CLEC4E,0.07534895819157697
10,MARCO,-0.023092767336584944
10,TDRD9,-0.2279484934349536
10,APP,-1.1821168391310093
10,PTH2R,-0.26108976488200564
10,AHSP,-0.6027448318107761
10,FGD5,-0.29045461912468
10,IL1R2,0.026734016049586903
10,CYP7B1,0.05964712982883129
10,RAMP1,0.08433431634788607
10,SHANK1,-0.0011895555482295086
10,PTGDS,0.6288473289277262
10,IGFBP5,-0.1045729301562254
10,CA1,0.3880343393007746
10,FERMT1,0.14830719172307794
10,MS4A3,0.2387160860337773
10,AADAT,0.19328966534043415
10,ZNF727,-0.17232130849963054
10,UMODL1,0.11404768652748758
10,NLRP2,0.31374387204111115
10,PCBP3,0.0040452978199418625
10,PTPRD,-0.08592550837395875
10,PTPRM,0.692284566647428
10,LTBP1,-0.29768610967525316
10,PTPN14,-0.09432652627132453
10,AOX2P,0.22727723751887846
10,ANKRD26P3,-0.17387905170038256
10,SLC28A3,-0.3300482913452252
11,DOCK1,0.07371779530807855
11,AREG,0.05099965088853944
11,MPO,-0.07828058056836269
11,GYPA,-0.00196772479630204
11,IGFBP5,-0.011082708823454322
11,IL1R2,0.026177485157727085
11,SPINK2,0.021346191580541813
11,ELN,0.010307787753509495
11,IRX1,-0.07860369122751348
11,TNNT1,0.0810520721034077
12,TRH,-0.028771292859707743
12,DOCK1,0.13727839359195046
12,AREG,0.10900624955393194
12,AR,-0.10417136553526282
12,NDST3,-0.004138476283384646
12,IRX1,-0.14118021741611422
12,SYTL4,0.008514011715490339
12,SLC28A3,-0.023859479253235595
12,TNNT1,0.021064586883104402
12,PACSIN1,0.06551371356228271
13,TRH,-0.06514220276987924
13,SPAG6,0.09691342533138987
13,MPO,-0.04823348710818997
13,NDST3,-0.0184088828177318
13,IRX1,-0.3130399853401899
13,DLK1,-0.07804546658379648
13,SYTL4,0.059852466323547494
13,PACSIN1,0.11854545279697144
13,IGLL1,-0.03421219113126421
13,PTGDS,0.018220044463062735
13,IL1R2,0.06640282059184255
13,NLRP2,0.16698164972613708
14,MEG3,-0.01657568302552262
14,DOCK1,0.19010746292263708
14,AREG,0.04382524379355599
14,IRX1,-0.1532303088890229
14,SLC24A3,-0.04257433838928659
14,AHSP,-0.01492249247425592
14,MPO,-0.004988457610930276
14,IL1R2,0.030286045603718705
14,IGFBP5,-0.0838174591086972
15,DOCK1,0.13536708287585913
15,IRX1,-0.07323758517643679
15,NDST3,-0.02729227915682794
15,MPO,-0.025907846443172233
16,DOCK1,0.17165344634268104
16,IRX1,-0.1495681512633313
16,AREG,0.030683333505103088
16,IGFBP5,-0.0070291954989806695
16,AHSP,-0.021671037216573905
17,TRH,-0.0736187650029614
17,DOCK1,0.1527739028785781
17,THSD7A,-0.044164916872328
17,PCAT18,-0.00730320779426145
17,AREG,0.013375007869067033
17,NDST3,-0.08758905113102404
17,APP,-0.045065652356303935
17,IL1R2,0.09098277650605102
17,IRX1,-0.13901749692139825
17,IGFBP5,-0.017124292341586744
17,H2AFY2,0.022183522426481396
17,C20orf54,0.02300129207562837
17,TMEM176B,-0.0401742699988262
17,PACSIN1,0.13519910167742102
17,SLC28A3,-0.022494703145741497
17,SLC24A3,-0.005166461981867814
17,LPO,-0.04752197287677938
18,TRH,-0.06397325063553479
18,DOCK1,0.08147972524957134
18,CPNE8,0.007078666949021222
18,AREG,0.022395323921720126
18,AR,-0.01728221788680935
18,IRX1,-0.1182431961604244
18,SLC24A3,-0.05736094380571431
18,SYTL4,0.05665614799435923
19,DOCK1,0.0035705971974008435
19,HOXB9,0.0031717220725764454
19,MSLN,-0.004964320343658507
19,SPAG6,0.10053134172523848
19,PPAN-P2RY11,-0.0008068649137570055
19,PAX8-AS1,0.0037374169315058793
19,AREG,0.07758599514110999
19,DEFB1,-0.01575087576721174
19,NDST3,-0.02735645217230318
19,AHSP,-0.05253753234150373
19,FAM171A1,-0.030290544759786143
19,IRX1,-0.2228656350318795
19,MYOF,0.06144750113660885
19,TDRD9,-0.09745432122376044
19,PACSIN1,0.010862339786161173
19,PTPRM,0.11147259082269283
19,LPHN3,0.014977949594428067
19,SLC24A3,-0.0025277193890239406
19,NLRP2,0.11079501157392502
19,MPO,-0.11352997944362629
19,SPINK2,0.028077203613579932
19,TNNT1,0.10082119097791489
19,PTGDS,0.11504725334947698
20,DOCK1,0.01493796812503134
20,MPO,-0.014613869084283788
20,IRX1,-0.08203468648772666
20,SIX3,-0.03836467160097907
21,DOCK1,0.10323047176935858
21,CPNE8,0.030166747568531785
21,UGT3A2,-0.01657448768008223
21,MPO,-0.07885446301723295
21,AREG,0.04358079967884119
21,NDST3,-0.021238763838755555
21,IRX1,-0.08642483652382046
22,DOCK1,0.035371868595362
22,AREG,0.04284123080521568
22,IL1R2,0.019963847382353062
22,IRX1,-0.06978238869412742
23,TRH,-0.0065704922361687216
23,IRX1,-0.07681663940230259
23,SIX3,-0.07352058473340094
24,DOCK1,0.1768261719610399
24,CXCL12,-0.035363009948284396
24,SPAG6,0.032034280581090945
24,DLK1,-0.025389987365274796
24,MPO,-0.06988944890583978
24,IRX1,-0.07129823862454131
24,LIN7A,-0.04344536636736639
24,NDST3,-0.08907924537975755
24,SLC24A3,-0.030074621676662625
24,SYTL4,0.04030959023124075
24,SCUBE1,-0.030293851674091935
24,IL1R2,0.09688381777529054
24,NLRP2,0.015795993505136868
25,DOCK1,0.18453394685262986
25,THSD7A,-0.006274881837507227
25,DEFA1B,0.02037627539917077
25,SPAG6,0.07901997087646526
25,PCAT18,-0.01939071855907455
25,UGT3A2,-0.02093018253739159
25,AREG,0.07930041871397277
25,IRX1,-0.3029823195389777
25,SLC24A3,-0.004683971667939493
25,MYOF,0.028986206571477022
25,IGFBP5,-0.1357017220298495
25,CD109,0.008653639377278663
25,PTPRM,0.006186006335511599
25,SPINK2,0.006815941355893699
25,TNNT1,0.023883208029645865
